timeStamp,elapsed,label,responseCode,responseMessage,threadName,dataType,success,failureMessage,bytes,sentBytes,grpThreads,allThreads,URL,Latency,IdleTime,Connect
1725809971137,193,/get_method,200,OK,Thread Group 1-1,text,true,,167,149,10,10,http://162.55.220.72:5007/get_method?name=Rus&age=38,193,0,97
1725809971158,172,/get_method,200,OK,Thread Group 1-2,text,true,,167,149,10,10,http://162.55.220.72:5007/get_method?name=Rus&age=38,172,0,76
1725809971175,182,/get_method,200,OK,Thread Group 1-3,text,true,,167,149,11,11,http://162.55.220.72:5007/get_method?name=Rus&age=38,182,0,126
1725809971237,178,/get_method,200,OK,Thread Group 1-6,text,true,,167,149,15,15,http://162.55.220.72:5007/get_method?name=Rus&age=38,178,0,93
1725809971190,225,/get_method,200,OK,Thread Group 1-4,text,true,,167,149,15,15,http://162.55.220.72:5007/get_method?name=Rus&age=38,225,0,140
1725809971268,147,/get_method,200,OK,Thread Group 1-8,text,true,,167,149,15,15,http://162.55.220.72:5007/get_method?name=Rus&age=38,147,0,62
1725809971253,162,/get_method,200,OK,Thread Group 1-7,text,true,,167,149,15,15,http://162.55.220.72:5007/get_method?name=Rus&age=38,162,0,77
1725809971221,215,/get_method,200,OK,Thread Group 1-5,text,true,,167,149,15,15,http://162.55.220.72:5007/get_method?name=Rus&age=38,215,0,109
1725809971315,121,/get_method,200,OK,Thread Group 1-10,text,true,,167,149,15,15,http://162.55.220.72:5007/get_method?name=Rus&age=38,121,0,42
1725809971300,136,/get_method,200,OK,Thread Group 1-9,text,true,,167,149,15,15,http://162.55.220.72:5007/get_method?name=Rus&age=38,136,0,57
1725809971358,125,/user_info_2,200,OK,Thread Group 1-3,text,true,,469,765,18,18,http://162.55.220.72:5007/user_info_2,125,0,57
1725809971331,152,/user_info_2,200,OK,Thread Group 1-1,text,true,,469,780,18,18,http://162.55.220.72:5007/user_info_2,152,0,84
1725809971331,152,/get_method,200,OK,Thread Group 1-11,text,true,,167,149,18,18,http://162.55.220.72:5007/get_method?name=Rus&age=38,152,0,84
1725809971331,176,/user_info_2,200,OK,Thread Group 1-2,text,true,,469,800,19,19,http://162.55.220.72:5007/user_info_2,175,0,84
1725809971378,129,/get_method,200,OK,Thread Group 1-13,text,true,,167,149,19,19,http://162.55.220.72:5007/get_method?name=Rus&age=38,128,0,58
1725809971362,145,/get_method,200,OK,Thread Group 1-12,text,true,,167,149,19,19,http://162.55.220.72:5007/get_method?name=Rus&age=38,144,0,74
1725809971394,133,/get_method,200,OK,Thread Group 1-14,text,true,,167,149,20,20,http://162.55.220.72:5007/get_method?name=Rus&age=38,133,0,78
1725809971415,118,/user_info_2,200,OK,Thread Group 1-4,text,true,,469,800,20,20,http://162.55.220.72:5007/user_info_2,117,0,57
1725809971415,126,/user_info_2,200,OK,Thread Group 1-8,text,true,,469,805,21,21,http://162.55.220.72:5007/user_info_2,126,0,68
1725809971409,132,/get_method,200,OK,Thread Group 1-15,text,true,,167,149,21,21,http://162.55.220.72:5007/get_method?name=Rus&age=38,132,0,63
1725809971415,130,/user_info_2,200,OK,Thread Group 1-7,text,true,,469,805,21,21,http://162.55.220.72:5007/user_info_2,130,0,68
1725809971415,142,/user_info_2,200,OK,Thread Group 1-6,text,true,,469,795,22,22,http://162.55.220.72:5007/user_info_2,142,0,68
1725809971436,121,/user_info_2,200,OK,Thread Group 1-5,text,true,,469,765,22,22,http://162.55.220.72:5007/user_info_2,121,0,47
1725809971436,131,/user_info_2,200,OK,Thread Group 1-10,text,true,,469,780,22,22,http://162.55.220.72:5007/user_info_2,131,0,47
1725809971436,132,/user_info_2,200,OK,Thread Group 1-9,text,true,,469,795,22,22,http://162.55.220.72:5007/user_info_2,132,0,47
1725809971456,127,/get_method,200,OK,Thread Group 1-17,text,true,,167,149,23,23,http://162.55.220.72:5007/get_method?name=Rus&age=38,127,0,50
1725809971440,143,/get_method,200,OK,Thread Group 1-16,text,true,,167,149,23,23,http://162.55.220.72:5007/get_method?name=Rus&age=38,143,0,66
1725809971483,100,/user_info_2,200,OK,Thread Group 1-11,text,true,,469,795,23,23,http://162.55.220.72:5007/user_info_2,100,0,44
1725809971473,117,/get_method,200,OK,Thread Group 1-18,text,true,,167,149,23,23,http://162.55.220.72:5007/get_method?name=Rus&age=38,117,0,48
1725809971483,107,/user_info_3,200,OK,Thread Group 1-1,text,true,,369,246,23,23,http://162.55.220.72:5007/user_info_3,107,0,49
1725809971483,107,/user_info_3,200,OK,Thread Group 1-3,text,true,,369,246,23,23,http://162.55.220.72:5007/user_info_3,107,0,49
1725809971489,101,/get_method,200,OK,Thread Group 1-19,text,true,,167,149,23,23,http://162.55.220.72:5007/get_method?name=Rus&age=38,101,0,43
1725809971507,137,/user_info_2,200,OK,Thread Group 1-13,text,true,,469,800,26,26,http://162.55.220.72:5007/user_info_2,137,0,50
1725809971521,123,/get_method,200,OK,Thread Group 1-20,text,true,,167,149,26,26,http://162.55.220.72:5007/get_method?name=Rus&age=38,123,0,46
1725809971507,137,/user_info_2,200,OK,Thread Group 1-12,text,true,,469,785,26,26,http://162.55.220.72:5007/user_info_2,137,0,50
1725809971507,137,/user_info_3,200,OK,Thread Group 1-2,text,true,,369,246,26,26,http://162.55.220.72:5007/user_info_3,137,0,50
1725809971528,116,/user_info_2,200,OK,Thread Group 1-14,text,true,,469,810,26,26,http://162.55.220.72:5007/user_info_2,116,0,41
1725809971533,132,/user_info_3,200,OK,Thread Group 1-4,text,true,,369,246,27,27,http://162.55.220.72:5007/user_info_3,132,0,50
1725809971536,129,/get_method,200,OK,Thread Group 1-21,text,true,,167,149,27,27,http://162.55.220.72:5007/get_method?name=Rus&age=38,129,0,47
1725809971545,122,/user_info_3,200,OK,Thread Group 1-7,text,true,,369,246,27,27,http://162.55.220.72:5007/user_info_3,122,0,45
1725809971541,126,/user_info_3,200,OK,Thread Group 1-8,text,true,,369,246,27,27,http://162.55.220.72:5007/user_info_3,126,0,49
1725809971541,126,/user_info_2,200,OK,Thread Group 1-15,text,true,,469,800,27,27,http://162.55.220.72:5007/user_info_2,126,0,49
1725809971552,115,/get_method,200,OK,Thread Group 1-22,text,true,,167,149,27,27,http://162.55.220.72:5007/get_method?name=Rus&age=38,115,0,58
1725809971557,110,/user_info_3,200,OK,Thread Group 1-6,text,true,,369,246,27,27,http://162.55.220.72:5007/user_info_3,110,0,54
1725809971567,134,/user_info_3,200,OK,Thread Group 1-10,text,true,,369,246,29,29,http://162.55.220.72:5007/user_info_3,134,0,77
1725809971557,144,/user_info_3,200,OK,Thread Group 1-5,text,true,,369,246,29,29,http://162.55.220.72:5007/user_info_3,144,0,86
1725809971568,133,/user_info_3,200,OK,Thread Group 1-9,text,true,,369,246,29,29,http://162.55.220.72:5007/user_info_3,133,0,76
1725809971583,155,/user_info_3,200,OK,Thread Group 1-11,text,true,,369,246,30,30,http://162.55.220.72:5007/user_info_3,155,0,82
1725809971583,156,/user_info_2,200,OK,Thread Group 1-17,text,true,,469,780,31,31,http://162.55.220.72:5007/user_info_2,156,0,82
1725809971583,156,/user_info_2,200,OK,Thread Group 1-16,text,true,,469,785,31,31,http://162.55.220.72:5007/user_info_2,156,0,82
1725809971590,149,/object_info_1,200,OK,Thread Group 1-3,text,true,,228,162,31,31,http://162.55.220.72:5007/object_info_1?name=Rus&age=38&weight=85,149,0,75
1725809971614,141,/get_method,200,OK,Thread Group 1-25,text,true,,167,149,32,32,http://162.55.220.72:5007/get_method?name=Rus&age=38,141,0,53
1725809971590,165,/user_info_2,200,OK,Thread Group 1-18,text,true,,469,795,32,32,http://162.55.220.72:5007/user_info_2,165,0,77
1725809971590,165,/object_info_1,200,OK,Thread Group 1-1,text,true,,228,162,32,32,http://162.55.220.72:5007/object_info_1?name=Rus&age=38&weight=85,165,0,77
1725809971583,172,/get_method,200,OK,Thread Group 1-23,text,true,,167,149,32,32,http://162.55.220.72:5007/get_method?name=Rus&age=38,172,0,82
1725809971599,156,/get_method,200,OK,Thread Group 1-24,text,true,,167,149,32,32,http://162.55.220.72:5007/get_method?name=Rus&age=38,156,0,68
1725809971590,165,/user_info_2,200,OK,Thread Group 1-19,text,true,,469,810,32,32,http://162.55.220.72:5007/user_info_2,165,0,77
1725809971644,118,/user_info_3,200,OK,Thread Group 1-13,text,true,,369,246,32,32,http://162.55.220.72:5007/user_info_3,118,0,50
1725809971644,128,/user_info_2,200,OK,Thread Group 1-20,text,true,,469,810,33,33,http://162.55.220.72:5007/user_info_2,128,0,45
1725809971631,141,/get_method,200,OK,Thread Group 1-26,text,true,,167,149,33,33,http://162.55.220.72:5007/get_method?name=Rus&age=38,141,0,45
1725809971644,128,/object_info_1,200,OK,Thread Group 1-2,text,true,,228,162,33,33,http://162.55.220.72:5007/object_info_1?name=Rus&age=38&weight=85,128,0,50
1725809971644,128,/user_info_3,200,OK,Thread Group 1-12,text,true,,369,246,33,33,http://162.55.220.72:5007/user_info_3,128,0,50
1725809971644,128,/user_info_3,200,OK,Thread Group 1-14,text,true,,369,246,33,33,http://162.55.220.72:5007/user_info_3,128,0,50
1725809971662,124,/get_method,200,OK,Thread Group 1-27,text,true,,167,149,33,33,http://162.55.220.72:5007/get_method?name=Rus&age=38,124,0,74
1725809971665,129,/user_info_2,200,OK,Thread Group 1-21,text,true,,469,785,33,33,http://162.55.220.72:5007/user_info_2,128,0,72
1725809971665,129,/object_info_1,200,OK,Thread Group 1-4,text,true,,228,162,33,33,http://162.55.220.72:5007/object_info_1?name=Rus&age=38&weight=85,128,0,72
1725809971667,127,/object_info_1,200,OK,Thread Group 1-7,text,true,,228,162,33,33,http://162.55.220.72:5007/object_info_1?name=Rus&age=38&weight=85,127,0,71
1725809971677,139,/get_method,200,OK,Thread Group 1-28,text,true,,167,149,33,33,http://162.55.220.72:5007/get_method?name=Rus&age=38,138,0,62
1725809971692,124,/get_method,200,OK,Thread Group 1-29,text,true,,167,149,33,33,http://162.55.220.72:5007/get_method?name=Rus&age=38,123,0,47
1725809971701,116,/object_info_1,200,OK,Thread Group 1-5,text,true,,228,162,34,34,http://162.55.220.72:5007/object_info_1?name=Rus&age=38&weight=85,116,0,54
1725809971667,150,/object_info_1,200,OK,Thread Group 1-8,text,true,,228,162,34,34,http://162.55.220.72:5007/object_info_1?name=Rus&age=38&weight=85,150,0,71
1725809971667,150,/user_info_2,200,OK,Thread Group 1-22,text,true,,469,790,34,34,http://162.55.220.72:5007/user_info_2,150,0,71
1725809971667,150,/object_info_1,200,OK,Thread Group 1-6,text,true,,228,162,34,34,http://162.55.220.72:5007/object_info_1?name=Rus&age=38&weight=85,150,0,71
1725809971667,150,/user_info_3,200,OK,Thread Group 1-15,text,true,,369,246,34,34,http://162.55.220.72:5007/user_info_3,150,0,71
1725809971708,118,/get_method,200,OK,Thread Group 1-30,text,true,,167,149,34,34,http://162.55.220.72:5007/get_method?name=Rus&age=38,118,0,47
1725809971701,125,/object_info_1,200,OK,Thread Group 1-9,text,true,,228,162,34,34,http://162.55.220.72:5007/object_info_1?name=Rus&age=38&weight=85,125,0,54
1725809971701,125,/object_info_1,200,OK,Thread Group 1-10,text,true,,228,162,34,34,http://162.55.220.72:5007/object_info_1?name=Rus&age=38&weight=85,125,0,54
1725809971739,98,/user_info_3,200,OK,Thread Group 1-16,text,true,,369,246,35,35,http://162.55.220.72:5007/user_info_3,98,0,47
1725809971739,98,/user_info_3,200,OK,Thread Group 1-17,text,true,,369,246,35,35,http://162.55.220.72:5007/user_info_3,98,0,47
1725809971739,98,/get_method,200,OK,Thread Group 1-31,text,true,,167,149,35,35,http://162.55.220.72:5007/get_method?name=Rus&age=38,98,0,45
1725809971739,98,/object_info_1,200,OK,Thread Group 1-11,text,true,,228,162,35,35,http://162.55.220.72:5007/object_info_1?name=Rus&age=38&weight=85,98,0,47
1725809971739,98,/object_info_2,200,OK,Thread Group 1-3,text,true,,488,164,35,35,http://162.55.220.72:5007/object_info_2?name=Rus&age=38&salary=4564,98,0,45
1725809971755,106,/user_info_2,200,OK,Thread Group 1-25,text,true,,469,815,36,36,http://162.55.220.72:5007/user_info_2,106,0,45
1725809971755,106,/user_info_2,200,OK,Thread Group 1-24,text,true,,469,770,36,36,http://162.55.220.72:5007/user_info_2,106,0,45
1725809971755,125,/user_info_3,200,OK,Thread Group 1-19,text,true,,369,246,37,37,http://162.55.220.72:5007/user_info_3,125,0,45
1725809971755,125,/get_method,200,OK,Thread Group 1-32,text,true,,167,149,37,37,http://162.55.220.72:5007/get_method?name=Rus&age=38,125,0,45
1725809971755,125,/object_info_2,200,OK,Thread Group 1-1,text,true,,488,164,37,37,http://162.55.220.72:5007/object_info_2?name=Rus&age=38&salary=4564,125,0,45
1725809971755,140,/user_info_2,200,OK,Thread Group 1-23,text,true,,469,795,38,38,http://162.55.220.72:5007/user_info_2,140,0,45
1725809971755,140,/user_info_3,200,OK,Thread Group 1-18,text,true,,369,246,38,38,http://162.55.220.72:5007/user_info_3,140,0,45
1725809971772,123,/object_info_2,200,OK,Thread Group 1-2,text,true,,488,164,38,38,http://162.55.220.72:5007/object_info_2?name=Rus&age=38&salary=4564,123,0,53
1725809971772,123,/object_info_1,200,OK,Thread Group 1-14,text,true,,228,162,38,38,http://162.55.220.72:5007/object_info_1?name=Rus&age=38&weight=85,123,0,54
1725809971762,133,/object_info_1,200,OK,Thread Group 1-13,text,true,,228,162,38,38,http://162.55.220.72:5007/object_info_1?name=Rus&age=38&weight=85,133,0,53
1725809971770,148,/get_method,200,OK,Thread Group 1-33,text,true,,167,149,39,39,http://162.55.220.72:5007/get_method?name=Rus&age=38,148,0,56
1725809971772,146,/user_info_2,200,OK,Thread Group 1-26,text,true,,469,805,39,39,http://162.55.220.72:5007/user_info_2,146,0,54
1725809971772,152,/object_info_1,200,OK,Thread Group 1-12,text,true,,228,162,39,39,http://162.55.220.72:5007/object_info_1?name=Rus&age=38&weight=85,151,0,54
1725809971786,150,/user_info_2,200,OK,Thread Group 1-27,text,true,,469,790,40,40,http://162.55.220.72:5007/user_info_2,149,0,51
1725809971772,164,/user_info_3,200,OK,Thread Group 1-20,text,true,,369,246,40,40,http://162.55.220.72:5007/user_info_3,163,0,54
1725809971794,170,/user_info_3,200,OK,Thread Group 1-21,text,true,,369,246,41,41,http://162.55.220.72:5007/user_info_3,170,0,43
1725809971794,170,/object_info_2,200,OK,Thread Group 1-4,text,true,,488,164,41,41,http://162.55.220.72:5007/object_info_2?name=Rus&age=38&salary=4564,170,0,43
1725809971817,147,/user_info_3,200,OK,Thread Group 1-22,text,true,,369,246,41,41,http://162.55.220.72:5007/user_info_3,147,0,48
1725809971817,147,/object_info_2,200,OK,Thread Group 1-6,text,true,,488,164,41,41,http://162.55.220.72:5007/object_info_2?name=Rus&age=38&salary=4564,147,0,48
1725809971817,147,/object_info_2,200,OK,Thread Group 1-5,text,true,,488,164,41,41,http://162.55.220.72:5007/object_info_2?name=Rus&age=38&salary=4564,147,0,48
1725809971816,148,/user_info_2,200,OK,Thread Group 1-29,text,true,,469,790,41,41,http://162.55.220.72:5007/user_info_2,148,0,49
1725809971794,170,/object_info_2,200,OK,Thread Group 1-7,text,true,,488,164,41,41,http://162.55.220.72:5007/object_info_2?name=Rus&age=38&salary=4564,170,0,43
1725809971817,147,/object_info_2,200,OK,Thread Group 1-8,text,true,,488,164,41,41,http://162.55.220.72:5007/object_info_2?name=Rus&age=38&salary=4564,147,0,48
1725809971817,154,/get_method,200,OK,Thread Group 1-34,text,true,,167,149,41,41,http://162.55.220.72:5007/get_method?name=Rus&age=38,154,0,48
1725809971816,155,/user_info_2,200,OK,Thread Group 1-28,text,true,,469,805,41,41,http://162.55.220.72:5007/user_info_2,155,0,64
1725809971833,140,/get_method,200,OK,Thread Group 1-35,text,true,,167,149,41,41,http://162.55.220.72:5007/get_method?name=Rus&age=38,140,0,47
1725809971826,150,/user_info_2,200,OK,Thread Group 1-30,text,true,,469,775,42,42,http://162.55.220.72:5007/user_info_2,150,0,54
1725809971817,166,/object_info_1,200,OK,Thread Group 1-15,text,true,,228,162,42,42,http://162.55.220.72:5007/object_info_1?name=Rus&age=38&weight=85,165,0,67
1725809971826,157,/object_info_2,200,OK,Thread Group 1-10,text,true,,488,164,42,42,http://162.55.220.72:5007/object_info_2?name=Rus&age=38&salary=4564,156,0,54
1725809971837,146,/object_info_2,200,OK,Thread Group 1-11,text,true,,488,164,42,42,http://162.55.220.72:5007/object_info_2?name=Rus&age=38&salary=4564,145,0,47
1725809971837,149,/object_info_3,200,OK,Thread Group 1-3,text,true,,524,164,42,42,http://162.55.220.72:5007/object_info_3?name=Rus&age=38&salary=5000,149,0,47
1725809971837,151,/user_info_2,200,OK,Thread Group 1-31,text,true,,469,815,42,42,http://162.55.220.72:5007/user_info_2,151,0,47
1725809971837,151,/object_info_1,200,OK,Thread Group 1-16,text,true,,228,162,42,42,http://162.55.220.72:5007/object_info_1?name=Rus&age=38&weight=85,151,0,47
1725809971837,151,/object_info_1,200,OK,Thread Group 1-17,text,true,,228,162,42,42,http://162.55.220.72:5007/object_info_1?name=Rus&age=38&weight=85,151,0,47
1725809971861,135,/user_info_3,200,OK,Thread Group 1-25,text,true,,369,246,43,43,http://162.55.220.72:5007/user_info_3,135,0,57
1725809971848,148,/get_method,200,OK,Thread Group 1-36,text,true,,167,149,43,43,http://162.55.220.72:5007/get_method?name=Rus&age=38,148,0,47
1725809971861,140,/user_info_3,200,OK,Thread Group 1-24,text,true,,369,246,43,43,http://162.55.220.72:5007/user_info_3,140,0,57
1725809971864,138,/get_method,200,OK,Thread Group 1-37,text,true,,167,149,43,43,http://162.55.220.72:5007/get_method?name=Rus&age=38,137,0,54
1725809971880,136,/user_info_2,200,OK,Thread Group 1-32,text,true,,469,800,44,44,http://162.55.220.72:5007/user_info_2,136,0,43
1725809971880,136,/object_info_3,200,OK,Thread Group 1-1,text,true,,524,164,44,44,http://162.55.220.72:5007/object_info_3?name=Rus&age=38&salary=5000,136,0,55
1725809971880,136,/object_info_1,200,OK,Thread Group 1-19,text,true,,228,162,44,44,http://162.55.220.72:5007/object_info_1?name=Rus&age=38&weight=85,136,0,55
1725809971895,127,/object_info_1,200,OK,Thread Group 1-18,text,true,,228,162,44,44,http://162.55.220.72:5007/object_info_1?name=Rus&age=38&weight=85,127,0,43
1725809971895,127,/object_info_2,200,OK,Thread Group 1-13,text,true,,488,164,44,44,http://162.55.220.72:5007/object_info_2?name=Rus&age=38&salary=4564,127,0,43
1725809971896,138,/get_method,200,OK,Thread Group 1-38,text,true,,167,149,44,44,http://162.55.220.72:5007/get_method?name=Rus&age=38,138,0,68
1725809971895,139,/object_info_2,200,OK,Thread Group 1-14,text,true,,488,164,44,44,http://162.55.220.72:5007/object_info_2?name=Rus&age=38&salary=4564,139,0,69
1725809971911,123,/get_method,200,OK,Thread Group 1-39,text,true,,167,149,44,44,http://162.55.220.72:5007/get_method?name=Rus&age=38,123,0,53
1725809971895,139,/object_info_3,200,OK,Thread Group 1-2,text,true,,524,164,44,44,http://162.55.220.72:5007/object_info_3?name=Rus&age=38&salary=5000,139,0,69
1725809971918,134,/user_info_3,200,OK,Thread Group 1-26,text,true,,369,246,46,46,http://162.55.220.72:5007/user_info_3,134,0,46
1725809971918,134,/user_info_2,200,OK,Thread Group 1-33,text,true,,469,790,46,46,http://162.55.220.72:5007/user_info_2,134,0,46
1725809971895,157,/user_info_3,200,OK,Thread Group 1-23,text,true,,369,246,46,46,http://162.55.220.72:5007/user_info_3,157,0,69
1725809971924,128,/object_info_2,200,OK,Thread Group 1-12,text,true,,488,164,46,46,http://162.55.220.72:5007/object_info_2?name=Rus&age=38&salary=4564,128,0,42
1725809971926,127,/get_method,200,OK,Thread Group 1-40,text,true,,167,149,46,46,http://162.55.220.72:5007/get_method?name=Rus&age=38,126,0,45
1725809971936,129,/object_info_1,200,OK,Thread Group 1-20,text,true,,228,162,46,46,http://162.55.220.72:5007/object_info_1?name=Rus&age=38&weight=85,129,0,46
1725809971936,129,/user_info_3,200,OK,Thread Group 1-27,text,true,,369,246,46,46,http://162.55.220.72:5007/user_info_3,129,0,47
1725809971964,101,/object_info_3,200,OK,Thread Group 1-4,text,true,,524,164,46,46,http://162.55.220.72:5007/object_info_3?name=Rus&age=38&salary=5000,101,0,53
1725809971958,127,/get_method,200,OK,Thread Group 1-41,text,true,,167,149,47,47,http://162.55.220.72:5007/get_method?name=Rus&age=38,127,0,58
1725809971964,121,/object_info_3,200,OK,Thread Group 1-5,text,true,,524,164,47,47,http://162.55.220.72:5007/object_info_3?name=Rus&age=38&salary=5000,121,0,52
1725809971964,121,/user_info_3,200,OK,Thread Group 1-29,text,true,,369,246,47,47,http://162.55.220.72:5007/user_info_3,121,0,57
1725809971964,123,/object_info_1,200,OK,Thread Group 1-22,text,true,,228,162,47,47,http://162.55.220.72:5007/object_info_1?name=Rus&age=38&weight=85,123,0,57
1725809971973,125,/user_info_2,200,OK,Thread Group 1-35,text,true,,469,790,48,48,http://162.55.220.72:5007/user_info_2,125,0,49
1725809971964,134,/object_info_3,200,OK,Thread Group 1-6,text,true,,524,164,48,48,http://162.55.220.72:5007/object_info_3?name=Rus&age=38&salary=5000,134,0,58
1725809971971,127,/user_info_2,200,OK,Thread Group 1-34,text,true,,469,790,48,48,http://162.55.220.72:5007/user_info_2,127,0,51
1725809971964,137,/object_info_3,200,OK,Thread Group 1-8,text,true,,524,164,48,48,http://162.55.220.72:5007/object_info_3?name=Rus&age=38&salary=5000,137,0,58
1725809971964,139,/object_info_3,200,OK,Thread Group 1-7,text,true,,524,164,48,48,http://162.55.220.72:5007/object_info_3?name=Rus&age=38&salary=5000,139,0,58
1725809971964,139,/object_info_1,200,OK,Thread Group 1-21,text,true,,228,162,48,48,http://162.55.220.72:5007/object_info_1?name=Rus&age=38&weight=85,139,0,58
1725809971976,135,/user_info_3,200,OK,Thread Group 1-30,text,true,,369,246,48,48,http://162.55.220.72:5007/user_info_3,135,0,58
1725809971971,140,/user_info_3,200,OK,Thread Group 1-28,text,true,,369,246,48,48,http://162.55.220.72:5007/user_info_3,140,0,51
1725809971973,139,/get_method,200,OK,Thread Group 1-42,text,true,,167,149,48,48,http://162.55.220.72:5007/get_method?name=Rus&age=38,139,0,61
1725809971983,137,/object_info_2,200,OK,Thread Group 1-15,text,true,,488,164,49,49,http://162.55.220.72:5007/object_info_2?name=Rus&age=38&salary=4564,137,0,51
1725809971983,137,/object_info_3,200,OK,Thread Group 1-11,text,true,,524,164,49,49,http://162.55.220.72:5007/object_info_3?name=Rus&age=38&salary=5000,137,0,51
1725809971986,134,/object_info_4,200,OK,Thread Group 1-3,text,true,,237,164,49,49,http://162.55.220.72:5007/object_info_4?name=Rus&age=38&salary=8956,134,0,48
1725809971990,156,/get_method,200,OK,Thread Group 1-43,text,true,,167,149,49,49,http://162.55.220.72:5007/get_method?name=Rus&age=38,156,0,62
1725809971997,149,/user_info_2,200,OK,Thread Group 1-36,text,true,,469,795,49,49,http://162.55.220.72:5007/user_info_2,149,0,55
1725809971988,158,/user_info_3,200,OK,Thread Group 1-31,text,true,,369,246,49,49,http://162.55.220.72:5007/user_info_3,158,0,64
1725809971989,157,/object_info_2,200,OK,Thread Group 1-17,text,true,,488,164,49,49,http://162.55.220.72:5007/object_info_2?name=Rus&age=38&salary=4564,157,0,63
1725809971983,163,/object_info_3,200,OK,Thread Group 1-10,text,true,,524,164,49,49,http://162.55.220.72:5007/object_info_3?name=Rus&age=38&salary=5000,163,0,51
1725809971988,158,/object_info_2,200,OK,Thread Group 1-16,text,true,,488,164,49,49,http://162.55.220.72:5007/object_info_2?name=Rus&age=38&salary=4564,158,0,64
1725809972002,144,/object_info_1,200,OK,Thread Group 1-24,text,true,,228,162,49,49,http://162.55.220.72:5007/object_info_1?name=Rus&age=38&weight=85,144,0,63
1725809971997,153,/object_info_1,200,OK,Thread Group 1-25,text,true,,228,162,49,49,http://162.55.220.72:5007/object_info_1?name=Rus&age=38&weight=85,153,0,56
1725809972005,151,/get_method,200,OK,Thread Group 1-44,text,true,,167,149,49,49,http://162.55.220.72:5007/get_method?name=Rus&age=38,151,0,60
1725809972022,134,/object_info_3,200,OK,Thread Group 1-13,text,true,,524,164,49,49,http://162.55.220.72:5007/object_info_3?name=Rus&age=38&salary=5000,134,0,44
1725809972016,143,/object_info_2,200,OK,Thread Group 1-19,text,true,,488,164,49,49,http://162.55.220.72:5007/object_info_2?name=Rus&age=38&salary=4564,143,0,49
1725809972016,143,/object_info_4,200,OK,Thread Group 1-1,text,true,,237,164,49,49,http://162.55.220.72:5007/object_info_4?name=Rus&age=38&salary=8956,143,0,49
1725809972022,144,/object_info_2,200,OK,Thread Group 1-18,text,true,,488,164,48,48,http://162.55.220.72:5007/object_info_2?name=Rus&age=38&salary=4564,144,0,49
1725809972016,150,/user_info_3,200,OK,Thread Group 1-32,text,true,,369,246,48,48,http://162.55.220.72:5007/user_info_3,150,0,49
1725809972002,164,/user_info_2,200,OK,Thread Group 1-37,text,true,,469,770,48,48,http://162.55.220.72:5007/user_info_2,164,0,63
1725809972036,151,/get_method,200,OK,Thread Group 1-45,text,true,,167,149,48,48,http://162.55.220.72:5007/get_method?name=Rus&age=38,151,0,62
1725809972034,153,/object_info_3,200,OK,Thread Group 1-14,text,true,,524,164,48,48,http://162.55.220.72:5007/object_info_3?name=Rus&age=38&salary=5000,153,0,64
1725809972034,153,/user_info_2,200,OK,Thread Group 1-39,text,true,,469,800,48,48,http://162.55.220.72:5007/user_info_2,153,0,64
1725809972034,154,/user_info_2,200,OK,Thread Group 1-38,text,true,,469,815,48,48,http://162.55.220.72:5007/user_info_2,153,0,64
1725809972034,154,/object_info_4,200,OK,Thread Group 1-2,text,true,,237,164,48,48,http://162.55.220.72:5007/object_info_4?name=Rus&age=38&salary=8956,153,0,64
1725809972052,136,/object_info_1,200,OK,Thread Group 1-23,text,true,,228,162,48,48,http://162.55.220.72:5007/object_info_1?name=Rus&age=38&weight=85,135,0,53
1725809972065,129,/object_info_4,200,OK,Thread Group 1-4,text,true,,237,164,47,47,http://162.55.220.72:5007/object_info_4?name=Rus&age=38&salary=8956,129,0,43
1725809972053,147,/user_info_2,200,OK,Thread Group 1-40,text,true,,469,815,46,46,http://162.55.220.72:5007/user_info_2,147,0,54
1725809972065,135,/object_info_1,200,OK,Thread Group 1-27,text,true,,228,162,46,46,http://162.55.220.72:5007/object_info_1?name=Rus&age=38&weight=85,135,0,43
1725809972065,139,/object_info_2,200,OK,Thread Group 1-20,text,true,,488,164,46,46,http://162.55.220.72:5007/object_info_2?name=Rus&age=38&salary=4564,139,0,43
1725809972052,159,/user_info_3,200,OK,Thread Group 1-33,text,true,,369,246,46,46,http://162.55.220.72:5007/user_info_3,159,0,56
1725809972052,159,/object_info_3,200,OK,Thread Group 1-12,text,true,,524,164,46,46,http://162.55.220.72:5007/object_info_3?name=Rus&age=38&salary=5000,159,0,56
1725809972052,159,/object_info_1,200,OK,Thread Group 1-26,text,true,,228,162,46,46,http://162.55.220.72:5007/object_info_1?name=Rus&age=38&weight=85,159,0,56
1725809972051,160,/get_method,200,OK,Thread Group 1-46,text,true,,167,149,46,46,http://162.55.220.72:5007/get_method?name=Rus&age=38,160,0,56
1725809972085,140,/user_info_2,200,OK,Thread Group 1-41,text,true,,469,810,46,46,http://162.55.220.72:5007/user_info_2,139,0,61
1725809972085,140,/object_info_1,200,OK,Thread Group 1-29,text,true,,228,162,46,46,http://162.55.220.72:5007/object_info_1?name=Rus&age=38&weight=85,139,0,61
1725809972087,138,/object_info_2,200,OK,Thread Group 1-22,text,true,,488,164,46,46,http://162.55.220.72:5007/object_info_2?name=Rus&age=38&salary=4564,137,0,59
1725809972067,158,/get_method,200,OK,Thread Group 1-47,text,true,,167,149,46,46,http://162.55.220.72:5007/get_method?name=Rus&age=38,157,0,44
1725809972085,140,/object_info_4,200,OK,Thread Group 1-5,text,true,,237,164,46,46,http://162.55.220.72:5007/object_info_4?name=Rus&age=38&salary=8956,139,0,61
1725809972098,133,/user_info_3,200,OK,Thread Group 1-34,text,true,,369,246,45,45,http://162.55.220.72:5007/user_info_3,133,0,52
1725809972098,133,/user_info_3,200,OK,Thread Group 1-35,text,true,,369,246,45,45,http://162.55.220.72:5007/user_info_3,133,0,52
1725809972098,135,/object_info_4,200,OK,Thread Group 1-6,text,true,,237,164,45,45,http://162.55.220.72:5007/object_info_4?name=Rus&age=38&salary=8956,135,0,52
1725809972104,129,/object_info_4,200,OK,Thread Group 1-7,text,true,,237,164,45,45,http://162.55.220.72:5007/object_info_4?name=Rus&age=38&salary=8956,129,0,52
1725809972099,134,/get_method,200,OK,Thread Group 1-48,text,true,,167,149,45,45,http://162.55.220.72:5007/get_method?name=Rus&age=38,134,0,51
1725809972112,129,/user_info_2,200,OK,Thread Group 1-42,text,true,,469,805,43,43,http://162.55.220.72:5007/user_info_2,129,0,47
1725809972114,133,/get_method,200,OK,Thread Group 1-49,text,true,,167,149,43,43,http://162.55.220.72:5007/get_method?name=Rus&age=38,133,0,45
1725809972111,136,/object_info_1,200,OK,Thread Group 1-30,text,true,,228,162,43,43,http://162.55.220.72:5007/object_info_1?name=Rus&age=38&weight=85,136,0,48
1725809972101,146,/object_info_4,200,OK,Thread Group 1-8,text,true,,237,164,43,43,http://162.55.220.72:5007/object_info_4?name=Rus&age=38&salary=8956,146,0,55
1725809972111,145,/object_info_1,200,OK,Thread Group 1-28,text,true,,228,162,42,42,http://162.55.220.72:5007/object_info_1?name=Rus&age=38&weight=85,145,0,48
1725809972120,136,/object_info_4,200,OK,Thread Group 1-11,text,true,,237,164,42,42,http://162.55.220.72:5007/object_info_4?name=Rus&age=38&salary=8956,136,0,46
1725809972104,152,/object_info_2,200,OK,Thread Group 1-21,text,true,,488,164,42,42,http://162.55.220.72:5007/object_info_2?name=Rus&age=38&salary=4564,152,0,52
1725809972120,143,/object_info_3,200,OK,Thread Group 1-15,text,true,,524,164,41,41,http://162.55.220.72:5007/object_info_3?name=Rus&age=38&salary=5000,143,0,50
1725809972130,133,/get_method,200,OK,Thread Group 1-50,text,true,,167,149,41,41,http://162.55.220.72:5007/get_method?name=Rus&age=38,133,0,45
1725809972146,117,/object_info_3,200,OK,Thread Group 1-16,text,true,,524,164,41,41,http://162.55.220.72:5007/object_info_3?name=Rus&age=38&salary=5000,117,0,54
1725809972146,119,/object_info_2,200,OK,Thread Group 1-24,text,true,,488,164,41,41,http://162.55.220.72:5007/object_info_2?name=Rus&age=38&salary=4564,119,0,54
1725809972146,121,/user_info_2,200,OK,Thread Group 1-43,text,true,,469,790,41,41,http://162.55.220.72:5007/user_info_2,121,0,54
1725809972146,126,/object_info_4,200,OK,Thread Group 1-10,text,true,,237,164,41,41,http://162.55.220.72:5007/object_info_4?name=Rus&age=38&salary=8956,126,0,54
1725809972146,126,/object_info_1,200,OK,Thread Group 1-31,text,true,,228,162,41,41,http://162.55.220.72:5007/object_info_1?name=Rus&age=38&weight=85,126,0,54
1725809972146,126,/object_info_3,200,OK,Thread Group 1-17,text,true,,524,164,41,41,http://162.55.220.72:5007/object_info_3?name=Rus&age=38&salary=5000,126,0,54
1725809972156,116,/user_info_2,200,OK,Thread Group 1-44,text,true,,469,815,41,41,http://162.55.220.72:5007/user_info_2,116,0,44
1725809972150,127,/object_info_2,200,OK,Thread Group 1-25,text,true,,488,164,40,40,http://162.55.220.72:5007/object_info_2?name=Rus&age=38&salary=4564,127,0,50
1725809972156,129,/object_info_4,200,OK,Thread Group 1-13,text,true,,237,164,40,40,http://162.55.220.72:5007/object_info_4?name=Rus&age=38&salary=8956,129,0,46
1725809972166,119,/object_info_1,200,OK,Thread Group 1-32,text,true,,228,162,40,40,http://162.55.220.72:5007/object_info_1?name=Rus&age=38&weight=85,119,0,45
1725809972160,125,/object_info_3,200,OK,Thread Group 1-19,text,true,,524,164,40,40,http://162.55.220.72:5007/object_info_3?name=Rus&age=38&salary=5000,125,0,44
1725809972146,139,/user_info_3,200,OK,Thread Group 1-36,text,true,,369,246,40,40,http://162.55.220.72:5007/user_info_3,139,0,54
1725809972166,121,/object_info_3,200,OK,Thread Group 1-18,text,true,,524,164,39,39,http://162.55.220.72:5007/object_info_3?name=Rus&age=38&salary=5000,121,0,45
1725809972166,121,/user_info_3,200,OK,Thread Group 1-37,text,true,,369,246,39,39,http://162.55.220.72:5007/user_info_3,121,0,45
1725809972188,105,/user_info_3,200,OK,Thread Group 1-38,text,true,,369,246,39,39,http://162.55.220.72:5007/user_info_3,105,0,43
1725809972188,105,/object_info_2,200,OK,Thread Group 1-23,text,true,,488,164,39,39,http://162.55.220.72:5007/object_info_2?name=Rus&age=38&salary=4564,105,0,43
1725809972188,105,/user_info_3,200,OK,Thread Group 1-39,text,true,,369,246,39,39,http://162.55.220.72:5007/user_info_3,105,0,43
1725809972188,113,/user_info_2,200,OK,Thread Group 1-45,text,true,,469,770,39,39,http://162.55.220.72:5007/user_info_2,113,0,43
1725809972188,120,/object_info_4,200,OK,Thread Group 1-14,text,true,,237,164,39,39,http://162.55.220.72:5007/object_info_4?name=Rus&age=38&salary=8956,120,0,43
1725809972200,113,/object_info_2,200,OK,Thread Group 1-27,text,true,,488,164,38,38,http://162.55.220.72:5007/object_info_2?name=Rus&age=38&salary=4564,113,0,47
1725809972200,120,/user_info_3,200,OK,Thread Group 1-40,text,true,,369,246,38,38,http://162.55.220.72:5007/user_info_3,120,0,47
1725809972211,109,/user_info_2,200,OK,Thread Group 1-46,text,true,,469,800,38,38,http://162.55.220.72:5007/user_info_2,109,0,45
1725809972204,123,/object_info_3,200,OK,Thread Group 1-20,text,true,,524,164,38,38,http://162.55.220.72:5007/object_info_3?name=Rus&age=38&salary=5000,123,0,52
1725809972211,116,/object_info_4,200,OK,Thread Group 1-12,text,true,,237,164,38,38,http://162.55.220.72:5007/object_info_4?name=Rus&age=38&salary=8956,116,0,52
1725809972211,121,/object_info_2,200,OK,Thread Group 1-26,text,true,,488,164,37,37,http://162.55.220.72:5007/object_info_2?name=Rus&age=38&salary=4564,121,0,52
1725809972211,121,/object_info_1,200,OK,Thread Group 1-33,text,true,,228,162,37,37,http://162.55.220.72:5007/object_info_1?name=Rus&age=38&weight=85,121,0,46
1725809972225,117,/object_info_3,200,OK,Thread Group 1-22,text,true,,524,164,37,37,http://162.55.220.72:5007/object_info_3?name=Rus&age=38&salary=5000,117,0,47
1725809972225,117,/object_info_2,200,OK,Thread Group 1-29,text,true,,488,164,37,37,http://162.55.220.72:5007/object_info_2?name=Rus&age=38&salary=4564,117,0,47
1725809972225,124,/user_info_2,200,OK,Thread Group 1-47,text,true,,469,815,37,37,http://162.55.220.72:5007/user_info_2,124,0,47
1725809972231,137,/object_info_1,200,OK,Thread Group 1-35,text,true,,228,162,37,37,http://162.55.220.72:5007/object_info_1?name=Rus&age=38&weight=85,137,0,46
1725809972225,144,/user_info_3,200,OK,Thread Group 1-41,text,true,,369,246,37,37,http://162.55.220.72:5007/user_info_3,143,0,47
1725809972234,136,/user_info_2,200,OK,Thread Group 1-48,text,true,,469,815,37,37,http://162.55.220.72:5007/user_info_2,136,0,43
1725809972256,145,/object_info_2,200,OK,Thread Group 1-28,text,true,,488,164,37,37,http://162.55.220.72:5007/object_info_2?name=Rus&age=38&salary=4564,145,0,48
1725809972247,152,/object_info_2,200,OK,Thread Group 1-30,text,true,,488,164,37,37,http://162.55.220.72:5007/object_info_2?name=Rus&age=38&salary=4564,152,0,46
1725809972247,152,/user_info_2,200,OK,Thread Group 1-49,text,true,,469,810,37,37,http://162.55.220.72:5007/user_info_2,152,0,46
1725809972231,162,/object_info_1,200,OK,Thread Group 1-34,text,true,,228,162,37,37,http://162.55.220.72:5007/object_info_1?name=Rus&age=38&weight=85,162,0,46
1725809972241,152,/user_info_3,200,OK,Thread Group 1-42,text,true,,369,246,37,37,http://162.55.220.72:5007/user_info_3,152,0,46
1725809972263,157,/user_info_2,200,OK,Thread Group 1-50,text,true,,469,805,37,37,http://162.55.220.72:5007/user_info_2,157,0,43
1725809972257,163,/object_info_3,200,OK,Thread Group 1-21,text,true,,524,164,37,37,http://162.55.220.72:5007/object_info_3?name=Rus&age=38&salary=5000,163,0,47
1725809972264,157,/object_info_4,200,OK,Thread Group 1-16,text,true,,237,164,37,37,http://162.55.220.72:5007/object_info_4?name=Rus&age=38&salary=8956,156,0,41
1725809972263,160,/object_info_4,200,OK,Thread Group 1-15,text,true,,237,164,36,36,http://162.55.220.72:5007/object_info_4?name=Rus&age=38&salary=8956,160,0,43
1725809972266,157,/object_info_3,200,OK,Thread Group 1-24,text,true,,524,164,36,36,http://162.55.220.72:5007/object_info_3?name=Rus&age=38&salary=5000,157,0,46
1725809972267,156,/user_info_3,200,OK,Thread Group 1-43,text,true,,369,246,36,36,http://162.55.220.72:5007/user_info_3,156,0,45
1725809972272,151,/user_info_3,200,OK,Thread Group 1-44,text,true,,369,246,36,36,http://162.55.220.72:5007/user_info_3,151,0,43
1725809972277,150,/object_info_3,200,OK,Thread Group 1-25,text,true,,524,164,35,35,http://162.55.220.72:5007/object_info_3?name=Rus&age=38&salary=5000,150,0,43
1725809972272,155,/object_info_2,200,OK,Thread Group 1-31,text,true,,488,164,35,35,http://162.55.220.72:5007/object_info_2?name=Rus&age=38&salary=4564,155,0,44
1725809972272,155,/object_info_4,200,OK,Thread Group 1-17,text,true,,237,164,35,35,http://162.55.220.72:5007/object_info_4?name=Rus&age=38&salary=8956,155,0,43
1725809972285,153,/object_info_2,200,OK,Thread Group 1-32,text,true,,488,164,34,34,http://162.55.220.72:5007/object_info_2?name=Rus&age=38&salary=4564,153,0,42
1725809972287,151,/object_info_1,200,OK,Thread Group 1-37,text,true,,228,162,34,34,http://162.55.220.72:5007/object_info_1?name=Rus&age=38&weight=85,151,0,44
1725809972285,153,/object_info_4,200,OK,Thread Group 1-19,text,true,,237,164,34,34,http://162.55.220.72:5007/object_info_4?name=Rus&age=38&salary=8956,153,0,42
1725809972285,153,/object_info_1,200,OK,Thread Group 1-36,text,true,,228,162,34,34,http://162.55.220.72:5007/object_info_1?name=Rus&age=38&weight=85,153,0,42
1725809972287,157,/object_info_4,200,OK,Thread Group 1-18,text,true,,237,164,33,33,http://162.55.220.72:5007/object_info_4?name=Rus&age=38&salary=8956,157,0,44
1725809972294,150,/object_info_3,200,OK,Thread Group 1-23,text,true,,524,164,33,33,http://162.55.220.72:5007/object_info_3?name=Rus&age=38&salary=5000,150,0,48
1725809972294,150,/object_info_1,200,OK,Thread Group 1-38,text,true,,228,162,33,33,http://162.55.220.72:5007/object_info_1?name=Rus&age=38&weight=85,150,0,43
1725809972294,150,/object_info_1,200,OK,Thread Group 1-39,text,true,,228,162,33,33,http://162.55.220.72:5007/object_info_1?name=Rus&age=38&weight=85,150,0,48
1725809972313,137,/object_info_3,200,OK,Thread Group 1-27,text,true,,524,164,32,32,http://162.55.220.72:5007/object_info_3?name=Rus&age=38&salary=5000,137,0,43
1725809972301,149,/user_info_3,200,OK,Thread Group 1-45,text,true,,369,246,32,32,http://162.55.220.72:5007/user_info_3,149,0,43
1725809972320,130,/user_info_3,200,OK,Thread Group 1-46,text,true,,369,246,32,32,http://162.55.220.72:5007/user_info_3,130,0,48
1725809972320,131,/object_info_1,200,OK,Thread Group 1-40,text,true,,228,162,32,32,http://162.55.220.72:5007/object_info_1?name=Rus&age=38&weight=85,130,0,48
1725809972327,125,/object_info_4,200,OK,Thread Group 1-20,text,true,,237,164,32,32,http://162.55.220.72:5007/object_info_4?name=Rus&age=38&salary=8956,125,0,46
1725809972333,120,/object_info_2,200,OK,Thread Group 1-33,text,true,,488,164,31,31,http://162.55.220.72:5007/object_info_2?name=Rus&age=38&salary=4564,120,0,43
1725809972332,121,/object_info_3,200,OK,Thread Group 1-26,text,true,,524,164,31,31,http://162.55.220.72:5007/object_info_3?name=Rus&age=38&salary=5000,121,0,44
1725809972342,127,/object_info_4,200,OK,Thread Group 1-22,text,true,,237,164,31,31,http://162.55.220.72:5007/object_info_4?name=Rus&age=38&salary=8956,127,0,51
1725809972349,120,/user_info_3,200,OK,Thread Group 1-47,text,true,,369,246,31,31,http://162.55.220.72:5007/user_info_3,120,0,44
1725809972342,128,/object_info_3,200,OK,Thread Group 1-29,text,true,,524,164,31,31,http://162.55.220.72:5007/object_info_3?name=Rus&age=38&salary=5000,127,0,51
1725809972369,121,/object_info_1,200,OK,Thread Group 1-41,text,true,,228,162,30,30,http://162.55.220.72:5007/object_info_1?name=Rus&age=38&weight=85,121,0,51
1725809972369,121,/object_info_2,200,OK,Thread Group 1-35,text,true,,488,164,30,30,http://162.55.220.72:5007/object_info_2?name=Rus&age=38&salary=4564,121,0,51
1725809972370,120,/user_info_3,200,OK,Thread Group 1-48,text,true,,369,246,30,30,http://162.55.220.72:5007/user_info_3,120,0,50
1725809972405,107,/object_info_3,200,OK,Thread Group 1-28,text,true,,524,164,30,30,http://162.55.220.72:5007/object_info_3?name=Rus&age=38&salary=5000,107,0,45
1725809972405,107,/object_info_3,200,OK,Thread Group 1-30,text,true,,524,164,30,30,http://162.55.220.72:5007/object_info_3?name=Rus&age=38&salary=5000,107,0,45
1725809972405,107,/object_info_1,200,OK,Thread Group 1-42,text,true,,228,162,30,30,http://162.55.220.72:5007/object_info_1?name=Rus&age=38&weight=85,107,0,45
1725809972405,110,/user_info_3,200,OK,Thread Group 1-49,text,true,,369,246,30,30,http://162.55.220.72:5007/user_info_3,110,0,45
1725809972405,117,/object_info_2,200,OK,Thread Group 1-34,text,true,,488,164,30,30,http://162.55.220.72:5007/object_info_2?name=Rus&age=38&salary=4564,117,0,45
1725809972423,99,/object_info_1,200,OK,Thread Group 1-43,text,true,,228,162,30,30,http://162.55.220.72:5007/object_info_1?name=Rus&age=38&weight=85,99,0,47
1725809972423,108,/object_info_1,200,OK,Thread Group 1-44,text,true,,228,162,30,30,http://162.55.220.72:5007/object_info_1?name=Rus&age=38&weight=85,108,0,47
1725809972421,110,/object_info_4,200,OK,Thread Group 1-21,text,true,,237,164,30,30,http://162.55.220.72:5007/object_info_4?name=Rus&age=38&salary=8956,110,0,48
1725809972421,110,/user_info_3,200,OK,Thread Group 1-50,text,true,,369,246,30,30,http://162.55.220.72:5007/user_info_3,110,0,48
1725809972444,107,/object_info_2,200,OK,Thread Group 1-39,text,true,,488,164,29,29,http://162.55.220.72:5007/object_info_2?name=Rus&age=38&salary=4564,107,0,46
1725809972438,113,/object_info_2,200,OK,Thread Group 1-36,text,true,,488,164,29,29,http://162.55.220.72:5007/object_info_2?name=Rus&age=38&salary=4564,113,0,52
1725809972427,124,/object_info_4,200,OK,Thread Group 1-25,text,true,,237,164,29,29,http://162.55.220.72:5007/object_info_4?name=Rus&age=38&salary=8956,124,0,63
1725809972438,114,/object_info_3,200,OK,Thread Group 1-32,text,true,,524,164,29,29,http://162.55.220.72:5007/object_info_3?name=Rus&age=38&salary=5000,113,0,52
1725809972423,146,/object_info_4,200,OK,Thread Group 1-24,text,true,,237,164,28,28,http://162.55.220.72:5007/object_info_4?name=Rus&age=38&salary=8956,146,0,67
1725809972427,142,/object_info_3,200,OK,Thread Group 1-31,text,true,,524,164,28,28,http://162.55.220.72:5007/object_info_3?name=Rus&age=38&salary=5000,142,0,63
1725809972450,119,/object_info_1,200,OK,Thread Group 1-45,text,true,,228,162,28,28,http://162.55.220.72:5007/object_info_1?name=Rus&age=38&weight=85,119,0,48
1725809972438,131,/object_info_2,200,OK,Thread Group 1-37,text,true,,488,164,28,28,http://162.55.220.72:5007/object_info_2?name=Rus&age=38&salary=4564,131,0,52
1725809972444,125,/object_info_4,200,OK,Thread Group 1-23,text,true,,237,164,28,28,http://162.55.220.72:5007/object_info_4?name=Rus&age=38&salary=8956,125,0,46
1725809972450,127,/object_info_4,200,OK,Thread Group 1-27,text,true,,237,164,26,26,http://162.55.220.72:5007/object_info_4?name=Rus&age=38&salary=8956,127,0,48
1725809972444,133,/object_info_2,200,OK,Thread Group 1-38,text,true,,488,164,26,26,http://162.55.220.72:5007/object_info_2?name=Rus&age=38&salary=4564,133,0,46
1725809972451,126,/object_info_2,200,OK,Thread Group 1-40,text,true,,488,164,26,26,http://162.55.220.72:5007/object_info_2?name=Rus&age=38&salary=4564,126,0,47
1725809972470,142,/object_info_4,200,OK,Thread Group 1-29,text,true,,237,164,25,25,http://162.55.220.72:5007/object_info_4?name=Rus&age=38&salary=8956,142,0,45
1725809972453,159,/object_info_4,200,OK,Thread Group 1-26,text,true,,237,164,25,25,http://162.55.220.72:5007/object_info_4?name=Rus&age=38&salary=8956,159,0,45
1725809972453,159,/object_info_3,200,OK,Thread Group 1-33,text,true,,524,164,25,25,http://162.55.220.72:5007/object_info_3?name=Rus&age=38&salary=5000,159,0,45
1725809972490,122,/object_info_1,200,OK,Thread Group 1-48,text,true,,228,162,25,25,http://162.55.220.72:5007/object_info_1?name=Rus&age=38&weight=85,122,0,43
1725809972470,142,/object_info_1,200,OK,Thread Group 1-47,text,true,,228,162,25,25,http://162.55.220.72:5007/object_info_1?name=Rus&age=38&weight=85,142,0,44
1725809972450,162,/object_info_1,200,OK,Thread Group 1-46,text,true,,228,162,25,25,http://162.55.220.72:5007/object_info_1?name=Rus&age=38&weight=85,162,0,48
1725809972490,122,/object_info_2,200,OK,Thread Group 1-41,text,true,,488,164,23,23,http://162.55.220.72:5007/object_info_2?name=Rus&age=38&salary=4564,122,0,61
1725809972490,123,/object_info_3,200,OK,Thread Group 1-35,text,true,,524,164,23,23,http://162.55.220.72:5007/object_info_3?name=Rus&age=38&salary=5000,122,0,61
1725809972512,113,/object_info_4,200,OK,Thread Group 1-30,text,true,,237,164,23,23,http://162.55.220.72:5007/object_info_4?name=Rus&age=38&salary=8956,113,0,57
1725809972523,113,/object_info_2,200,OK,Thread Group 1-43,text,true,,488,164,22,22,http://162.55.220.72:5007/object_info_2?name=Rus&age=38&salary=4564,113,0,47
1725809972522,114,/object_info_3,200,OK,Thread Group 1-34,text,true,,524,164,22,22,http://162.55.220.72:5007/object_info_3?name=Rus&age=38&salary=5000,114,0,48
1725809972515,125,/object_info_1,200,OK,Thread Group 1-49,text,true,,228,162,22,22,http://162.55.220.72:5007/object_info_1?name=Rus&age=38&weight=85,125,0,54
1725809972512,128,/object_info_2,200,OK,Thread Group 1-42,text,true,,488,164,22,22,http://162.55.220.72:5007/object_info_2?name=Rus&age=38&salary=4564,128,0,57
1725809972512,130,/object_info_4,200,OK,Thread Group 1-28,text,true,,237,164,22,22,http://162.55.220.72:5007/object_info_4?name=Rus&age=38&salary=8956,130,0,57
1725809972531,143,/object_info_1,200,OK,Thread Group 1-50,text,true,,228,162,21,21,http://162.55.220.72:5007/object_info_1?name=Rus&age=38&weight=85,143,0,46
1725809972531,143,/object_info_2,200,OK,Thread Group 1-44,text,true,,488,164,21,21,http://162.55.220.72:5007/object_info_2?name=Rus&age=38&salary=4564,143,0,46
1725809972570,143,/object_info_4,200,OK,Thread Group 1-31,text,true,,237,164,21,21,http://162.55.220.72:5007/object_info_4?name=Rus&age=38&salary=8956,143,0,45
1725809972552,161,/object_info_3,200,OK,Thread Group 1-36,text,true,,524,164,21,21,http://162.55.220.72:5007/object_info_3?name=Rus&age=38&salary=5000,161,0,60
1725809972552,161,/object_info_3,200,OK,Thread Group 1-39,text,true,,524,164,21,21,http://162.55.220.72:5007/object_info_3?name=Rus&age=38&salary=5000,161,0,60
1725809972577,136,/object_info_3,200,OK,Thread Group 1-40,text,true,,524,164,21,21,http://162.55.220.72:5007/object_info_3?name=Rus&age=38&salary=5000,136,0,45
1725809972570,143,/object_info_3,200,OK,Thread Group 1-37,text,true,,524,164,21,21,http://162.55.220.72:5007/object_info_3?name=Rus&age=38&salary=5000,143,0,42
1725809972570,143,/object_info_2,200,OK,Thread Group 1-45,text,true,,488,164,21,21,http://162.55.220.72:5007/object_info_2?name=Rus&age=38&salary=4564,143,0,43
1725809972552,162,/object_info_4,200,OK,Thread Group 1-32,text,true,,237,164,20,20,http://162.55.220.72:5007/object_info_4?name=Rus&age=38&salary=8956,161,0,60
1725809972577,145,/object_info_3,200,OK,Thread Group 1-38,text,true,,524,164,19,19,http://162.55.220.72:5007/object_info_3?name=Rus&age=38&salary=5000,145,0,45
1725809972612,128,/object_info_2,200,OK,Thread Group 1-48,text,true,,488,164,19,19,http://162.55.220.72:5007/object_info_2?name=Rus&age=38&salary=4564,128,0,62
1725809972612,128,/object_info_3,200,OK,Thread Group 1-41,text,true,,524,164,19,19,http://162.55.220.72:5007/object_info_3?name=Rus&age=38&salary=5000,128,0,62
1725809972612,128,/object_info_4,200,OK,Thread Group 1-33,text,true,,237,164,19,19,http://162.55.220.72:5007/object_info_4?name=Rus&age=38&salary=8956,128,0,62
1725809972612,128,/object_info_2,200,OK,Thread Group 1-46,text,true,,488,164,19,19,http://162.55.220.72:5007/object_info_2?name=Rus&age=38&salary=4564,128,0,62
1725809972612,128,/object_info_2,200,OK,Thread Group 1-47,text,true,,488,164,19,19,http://162.55.220.72:5007/object_info_2?name=Rus&age=38&salary=4564,128,0,62
1725809972613,127,/object_info_4,200,OK,Thread Group 1-35,text,true,,237,164,19,19,http://162.55.220.72:5007/object_info_4?name=Rus&age=38&salary=8956,127,0,61
1725809972636,134,/object_info_3,200,OK,Thread Group 1-43,text,true,,524,164,17,17,http://162.55.220.72:5007/object_info_3?name=Rus&age=38&salary=5000,134,0,77
1725809972640,130,/object_info_2,200,OK,Thread Group 1-49,text,true,,488,164,17,17,http://162.55.220.72:5007/object_info_2?name=Rus&age=38&salary=4564,130,0,82
1725809972636,134,/object_info_4,200,OK,Thread Group 1-34,text,true,,237,164,17,17,http://162.55.220.72:5007/object_info_4?name=Rus&age=38&salary=8956,134,0,77
1725809972640,159,/object_info_3,200,OK,Thread Group 1-42,text,true,,524,164,16,16,http://162.55.220.72:5007/object_info_3?name=Rus&age=38&salary=5000,159,0,82
1725809972674,125,/object_info_3,200,OK,Thread Group 1-44,text,true,,524,164,16,16,http://162.55.220.72:5007/object_info_3?name=Rus&age=38&salary=5000,125,0,48
1725809972674,126,/object_info_2,200,OK,Thread Group 1-50,text,true,,488,164,16,16,http://162.55.220.72:5007/object_info_2?name=Rus&age=38&salary=4564,125,0,61
1725809972713,101,/object_info_3,200,OK,Thread Group 1-45,text,true,,524,164,16,16,http://162.55.220.72:5007/object_info_3?name=Rus&age=38&salary=5000,101,0,44
1725809972713,101,/object_info_4,200,OK,Thread Group 1-40,text,true,,237,164,16,16,http://162.55.220.72:5007/object_info_4?name=Rus&age=38&salary=8956,101,0,44
1725809972713,166,/object_info_4,200,OK,Thread Group 1-37,text,true,,237,164,15,15,http://162.55.220.72:5007/object_info_4?name=Rus&age=38&salary=8956,166,0,44
1725809972722,157,/object_info_4,200,OK,Thread Group 1-38,text,true,,237,164,15,15,http://162.55.220.72:5007/object_info_4?name=Rus&age=38&salary=8956,157,0,48
1725809972713,166,/object_info_4,200,OK,Thread Group 1-39,text,true,,237,164,15,15,http://162.55.220.72:5007/object_info_4?name=Rus&age=38&salary=8956,166,0,57
1725809972713,166,/object_info_4,200,OK,Thread Group 1-36,text,true,,237,164,14,14,http://162.55.220.72:5007/object_info_4?name=Rus&age=38&salary=8956,166,0,44
1725809972740,143,/object_info_3,200,OK,Thread Group 1-46,text,true,,524,164,11,11,http://162.55.220.72:5007/object_info_3?name=Rus&age=38&salary=5000,143,0,59
1725809972740,143,/object_info_3,200,OK,Thread Group 1-47,text,true,,524,164,11,11,http://162.55.220.72:5007/object_info_3?name=Rus&age=38&salary=5000,143,0,60
1725809972740,144,/object_info_4,200,OK,Thread Group 1-41,text,true,,237,164,11,11,http://162.55.220.72:5007/object_info_4?name=Rus&age=38&salary=8956,143,0,59
1725809972740,144,/object_info_3,200,OK,Thread Group 1-48,text,true,,524,164,11,11,http://162.55.220.72:5007/object_info_3?name=Rus&age=38&salary=5000,143,0,59
1725809972799,133,/object_info_4,200,OK,Thread Group 1-42,text,true,,237,164,10,10,http://162.55.220.72:5007/object_info_4?name=Rus&age=38&salary=8956,133,0,80
1725809972799,133,/object_info_4,200,OK,Thread Group 1-44,text,true,,237,164,10,10,http://162.55.220.72:5007/object_info_4?name=Rus&age=38&salary=8956,133,0,80
1725809972770,155,/object_info_4,200,OK,Thread Group 1-43,text,true,,237,164,10,10,http://162.55.220.72:5007/object_info_4?name=Rus&age=38&salary=8956,155,0,109
1725809972814,153,/object_info_4,200,OK,Thread Group 1-45,text,true,,237,164,7,7,http://162.55.220.72:5007/object_info_4?name=Rus&age=38&salary=8956,153,0,69
1725809972800,167,/object_info_3,200,OK,Thread Group 1-50,text,true,,524,164,7,7,http://162.55.220.72:5007/object_info_3?name=Rus&age=38&salary=5000,167,0,83
1725809972770,197,/object_info_3,200,OK,Thread Group 1-49,text,true,,524,164,7,7,http://162.55.220.72:5007/object_info_3?name=Rus&age=38&salary=5000,197,0,109
1725809971826,1141,/object_info_2,200,OK,Thread Group 1-9,text,true,,488,164,7,7,http://162.55.220.72:5007/object_info_2?name=Rus&age=38&salary=4564,1141,0,1057
1725809972884,87,/object_info_4,200,OK,Thread Group 1-48,text,true,,237,164,6,6,http://162.55.220.72:5007/object_info_4?name=Rus&age=38&salary=8956,87,0,41
1725809972884,98,/object_info_4,200,OK,Thread Group 1-47,text,true,,237,164,5,5,http://162.55.220.72:5007/object_info_4?name=Rus&age=38&salary=8956,98,0,48
1725809972884,99,/object_info_4,200,OK,Thread Group 1-46,text,true,,237,164,5,5,http://162.55.220.72:5007/object_info_4?name=Rus&age=38&salary=8956,98,0,48
1725809972967,99,/object_info_4,200,OK,Thread Group 1-50,text,true,,237,164,3,3,http://162.55.220.72:5007/object_info_4?name=Rus&age=38&salary=8956,99,0,52
1725809972967,160,/object_info_3,200,OK,Thread Group 1-9,text,true,,524,164,2,2,http://162.55.220.72:5007/object_info_3?name=Rus&age=38&salary=5000,160,0,52
1725809972967,160,/object_info_4,200,OK,Thread Group 1-49,text,true,,237,164,2,2,http://162.55.220.72:5007/object_info_4?name=Rus&age=38&salary=8956,160,0,52
1725809973128,100,/object_info_4,200,OK,Thread Group 1-9,text,true,,237,164,1,1,http://162.55.220.72:5007/object_info_4?name=Rus&age=38&salary=8956,100,0,44
